epoch,acc,accuracy,loss,lr,val_acc,val_accuracy,val_loss
0,0.5773195624351501,0.5773195624351501,10.038786888122559,1e-04,0.6857638955116272,0.6857638955116272,8.170275688171387
