{
  "timestamp": "2026-04-21T11:35:55.859714",
  "model_variant": "efficientnetb0_efficient",
  "final_accuracy": 0.9583333134651184,
  "final_loss": 0.14403308928012848,
  "epochs_trained": 30,
  "class_names": [
    "NonDemented",
    "Very Mild",
    "Mild",
    "Moderate"
  ],
  "training_history": {
    "accuracy": [
      0.5822029113769531,
      0.682908296585083,
      0.7402061820030212,
      0.7679869532585144,
      0.7814432978630066,
      0.8042322397232056,
      0.8138903975486755,
      0.8299511671066284,
      0.8443841338157654,
      0.8543678522109985,
      0.8731416463851929,
      0.8825827240943909,
      0.8881171941757202,
      0.8998371958732605,
      0.9069994688034058,
      0.9136191010475159,
      0.918828010559082,
      0.9258817434310913,
      0.9308735728263855,
      0.9343461990356445,
      0.9410743117332458,
      0.9509495496749878,
      0.9543136358261108,
      0.9522517919540405,
      0.9573521614074707,
      0.9580032825469971,
      0.960824728012085,
      0.9667932987213135,
      0.9658166170120239,
      0.967661440372467
    ],
    "val_accuracy": [
      0.6536458134651184,
      0.7447916865348816,
      0.7712673544883728,
      0.7521701455116272,
      0.7717013955116272,
      0.76953125,
      0.8033854365348816,
      0.7725694179534912,
      0.8407118320465088,
      0.8532986044883728,
      0.8207465410232544,
      0.8376736044883728,
      0.8697916865348816,
      0.8797743320465088,
      0.8862847089767456,
      0.8832465410232544,
      0.9010416865348816,
      0.9045138955116272,
      0.9118923544883728,
      0.9136284589767456,
      0.9136284589767456,
      0.9171006679534912,
      0.9144965410232544,
      0.8884548544883728,
      0.9405381679534912,
      0.9253472089767456,
      0.9583333134651184,
      0.9401041865348816,
      0.9292534589767456,
      0.9479166865348816
    ],
    "loss": [
      9.931963920593262,
      6.883403778076172,
      4.906662464141846,
      3.5548086166381836,
      2.627601385116577,
      1.9499924182891846,
      1.497520923614502,
      1.1443438529968262,
      0.9109062552452087,
      0.7355374693870544,
      0.6089525818824768,
      0.5080549716949463,
      0.44979190826416016,
      0.38582417368888855,
      0.3438290059566498,
      0.3040634095668793,
      0.2846679091453552,
      0.263925701379776,
      0.2416410893201828,
      0.22630397975444794,
      0.20692653954029083,
      0.18150226771831512,
      0.1689005196094513,
      0.1709207445383072,
      0.1601964682340622,
      0.14987508952617645,
      0.1419111043214798,
      0.1293916255235672,
      0.12941431999206543,
      0.12154053151607513
    ],
    "val_loss": [
      8.176509857177734,
      5.667659759521484,
      4.099217891693115,
      3.0853817462921143,
      2.2869932651519775,
      1.7490525245666504,
      1.3280105590820312,
      1.207217812538147,
      0.8012846112251282,
      0.6988201141357422,
      0.6627219319343567,
      0.6093066334724426,
      0.4804040193557739,
      0.43085139989852905,
      0.3819113075733185,
      0.40506312251091003,
      0.30283257365226746,
      0.31504857540130615,
      0.2664601504802704,
      0.26677966117858887,
      0.2558845281600952,
      0.26681798696517944,
      0.2601408064365387,
      0.4184297025203705,
      0.18952268362045288,
      0.24280725419521332,
      0.14403308928012848,
      0.20508861541748047,
      0.23060069978237152,
      0.17170575261116028
    ]
  },
  "confusion_matrix": [
    [
      583,
      42,
      15,
      0
    ],
    [
      21,
      573,
      7,
      1
    ],
    [
      1,
      9,
      538,
      0
    ],
    [
      0,
      0,
      0,
      514
    ]
  ],
  "classification_report": {
    "NonDemented": {
      "precision": 0.9636363636363636,
      "recall": 0.9109375,
      "f1-score": 0.9365461847389558,
      "support": 640.0
    },
    "Very Mild": {
      "precision": 0.9182692307692307,
      "recall": 0.9518272425249169,
      "f1-score": 0.9347471451876019,
      "support": 602.0
    },
    "Mild": {
      "precision": 0.9607142857142857,
      "recall": 0.9817518248175182,
      "f1-score": 0.9711191335740073,
      "support": 548.0
    },
    "Moderate": {
      "precision": 0.9980582524271845,
      "recall": 1.0,
      "f1-score": 0.9990281827016521,
      "support": 514.0
    },
    "accuracy": 0.9583333333333334,
    "macro avg": {
      "precision": 0.9601695331367661,
      "recall": 0.9611291418356088,
      "f1-score": 0.9603601615505543,
      "support": 2304.0
    },
    "weighted avg": {
      "precision": 0.958766805542253,
      "recall": 0.9583333333333334,
      "f1-score": 0.9582383293155698,
      "support": 2304.0
    }
  }
}